Campaign,Ad Group,Keyword,Criterion Type,Headline 1,Headline 2,Headline 3,Headline 4,Headline 5,Headline 6,Headline 7,Headline 8,Headline 9,Headline 10,Headline 11,Headline 12,Headline 13,Headline 14,Headline 15,Description 1,Description 2,Description 3,Description 4,Final URL
CPAZ_Search_Nunoa_Chile,TDAH_Adultos,"psicologo tdah adultos santiago",Phrase,,,,,,,,,,,,,,,,,,,,https://www.centropaz.cl/tdah-adultos.html
CPAZ_Search_Nunoa_Chile,TDAH_Adultos,"evaluacion tdah adultos chile",Phrase,,,,,,,,,,,,,,,,,,,,https://www.centropaz.cl/tdah-adultos.html
CPAZ_Search_Nunoa_Chile,TDAH_Adultos,"psicologa tea adultos santiago",Phrase,,,,,,,,,,,,,,,,,,,,https://www.centropaz.cl/tdah-adultos.html
CPAZ_Search_Nunoa_Chile,TDAH_Adultos,"terapia neuroafirmativa santiago",Phrase,,,,,,,,,,,,,,,,,,,,https://www.centropaz.cl/tdah-adultos.html
CPAZ_Search_Nunoa_Chile,TDAH_Adultos,"sospecha tdah adultez chile",Phrase,,,,,,,,,,,,,,,,,,,,https://www.centropaz.cl/tdah-adultos.html
CPAZ_Search_Nunoa_Chile,TDAH_Adultos,"terapia paralisis ejecutiva chile",Phrase,,,,,,,,,,,,,,,,,,,,https://www.centropaz.cl/tdah-adultos.html
CPAZ_Search_Nunoa_Chile,TDAH_Adultos,,,"TDAH en Adultos Santiago","Psicóloga Valentina Castro","Enfoque Neuroafirmativo","Consulta Ñuñoa y Online","Manejo de Parálisis Ejecutiva","Diagnóstico y Terapia TDAH","Arancel $45.000 CLP","Reembolso Isapre y Seguros","Atención Empática sin Juicios","Sesiones Online Todo Chile","Especialista TDAH y TEA","Superintendencia de Salud","Boleta Electrónica SII","Copago Real desde $12.000","Agendamiento por WhatsApp","Psicoterapia especializada para adultos con TDAH y TEA. Estrategias para funciones ejecutivas.","Consulta presencial en Ñuñoa y Online para todo Chile con la psicóloga Valentina Castro.","Arancel de $45.000 CLP con boleta reembolsable en Colmena, Banmédica, CruzBlanca y Seguros.","Espacio cálido y sin juicios para comprender tu mente. Coordina tu sesión por WhatsApp.",https://www.centropaz.cl/tdah-adultos.html
CPAZ_Search_Nunoa_Chile,Psicologo_Nunoa,"psicologo nunoa",Phrase,,,,,,,,,,,,,,,,,,,,https://www.centropaz.cl/psicologo-nunoa.html
CPAZ_Search_Nunoa_Chile,Psicologo_Nunoa,"psicologa plaza nunoa",Phrase,,,,,,,,,,,,,,,,,,,,https://www.centropaz.cl/psicologo-nunoa.html
CPAZ_Search_Nunoa_Chile,Psicologo_Nunoa,"psicologo metro chile espana",Phrase,,,,,,,,,,,,,,,,,,,,https://www.centropaz.cl/psicologo-nunoa.html
CPAZ_Search_Nunoa_Chile,Psicologo_Nunoa,"terapia psicologica nunoa",Phrase,,,,,,,,,,,,,,,,,,,,https://www.centropaz.cl/psicologo-nunoa.html
CPAZ_Search_Nunoa_Chile,Psicologo_Nunoa,"psicologo adultos nunoa",Phrase,,,,,,,,,,,,,,,,,,,,https://www.centropaz.cl/psicologo-nunoa.html
CPAZ_Search_Nunoa_Chile,Psicologo_Nunoa,"psicoterapia presencial nunoa",Phrase,,,,,,,,,,,,,,,,,,,,https://www.centropaz.cl/psicologo-nunoa.html
CPAZ_Search_Nunoa_Chile,Psicologo_Nunoa,,,"Psicóloga en Ñuñoa","Valentina Castro Núñez","Metro Chile España","Consulta Plaza Ñuñoa","Terapia Adultos y Jóvenes","Arancel $45.000 CLP","Reembolso Todas las Isapres","Espacio Seguro y Privado","Psicología Clínica Santiago","Atención Presencial y Online","Registro Superintendencia","Boleta Reembolsable SII","Copago desde $9.000 CLP","Ansiedad Estrés y TDAH","Agendamiento WhatsApp Directo","Atención psicológica clínica en Ñuñoa a pasos de Metro Chile España y Plaza Ñuñoa.","Acompañamiento humanista e integrativo para adultos y jóvenes con Valentina Castro.","Arancel de $45.000 CLP con boleta electrónica válida para Isapres y Seguros Complementarios.","Consulta presencial acogedora en sector oriente. Escríbenos directamente a WhatsApp.",https://www.centropaz.cl/psicologo-nunoa.html
CPAZ_Search_Nunoa_Chile,Reembolso_Isapre,"psicologo reembolso isapre",Phrase,,,,,,,,,,,,,,,,,,,,https://www.centropaz.cl/reembolso-isapre-psicologia.html
CPAZ_Search_Nunoa_Chile,Reembolso_Isapre,"psicologa boleta colmena",Phrase,,,,,,,,,,,,,,,,,,,,https://www.centropaz.cl/reembolso-isapre-psicologia.html
CPAZ_Search_Nunoa_Chile,Reembolso_Isapre,"psicologo banmedica reembolso",Phrase,,,,,,,,,,,,,,,,,,,,https://www.centropaz.cl/reembolso-isapre-psicologia.html
CPAZ_Search_Nunoa_Chile,Reembolso_Isapre,"psicologa cruzblanca santiago",Phrase,,,,,,,,,,,,,,,,,,,,https://www.centropaz.cl/reembolso-isapre-psicologia.html
CPAZ_Search_Nunoa_Chile,Reembolso_Isapre,"reembolso seguro complementario psicologia",Phrase,,,,,,,,,,,,,,,,,,,,https://www.centropaz.cl/reembolso-isapre-psicologia.html
CPAZ_Search_Nunoa_Chile,Reembolso_Isapre,,,"Psicología Reembolso Isapre","Arancel $45.000 CLP","Boleta Electrónica SII","Colmena CruzBlanca Banmédica","Copago Real $9.000 a $15.000","Seguros Complementarios","Psicóloga Valentina Castro","Consulta Ñuñoa y Online","Reembolso en 48 a 72 Horas","Código Psicología Clínica","Atención Adultos y Familias","Registro SIS de Salud","Sin Letra Chica","Terapia Online Todo Chile","Coordinación por WhatsApp","Atención psicológica con boletas electrónicas de honorarios 100% reembolsables en Isapres.","Reembolsa entre el 60% y 80% de tu sesión en Colmena, Banmédica, CruzBlanca y Consalud.","Arancel transparente de $45.000 CLP. Copagos reales estimados desde $9.000 a $15.000 CLP.","Consulta en Ñuñoa u Online. Agendamiento directo y humano con Valentina por WhatsApp.",https://www.centropaz.cl/reembolso-isapre-psicologia.html
CPAZ_Search_Nunoa_Chile,TDAH_Adultos_Crianza,"psicologo tdah adultos crianza",Phrase,,,,,,,,,,,,,,,,,,,,https://www.centropaz.cl/parentalidad-neurodivergente.html
CPAZ_Search_Nunoa_Chile,TDAH_Adultos_Crianza,"padres con tdah chile",Phrase,,,,,,,,,,,,,,,,,,,,https://www.centropaz.cl/parentalidad-neurodivergente.html
CPAZ_Search_Nunoa_Chile,TDAH_Adultos_Crianza,"habilidades parentales neurodivergencia",Phrase,,,,,,,,,,,,,,,,,,,,https://www.centropaz.cl/parentalidad-neurodivergente.html
CPAZ_Search_Nunoa_Chile,TDAH_Adultos_Crianza,"orientacion padres tea tdah santiago",Phrase,,,,,,,,,,,,,,,,,,,,https://www.centropaz.cl/parentalidad-neurodivergente.html
CPAZ_Search_Nunoa_Chile,TDAH_Adultos_Crianza,"psicoterapia apoyo parental santiago",Phrase,,,,,,,,,,,,,,,,,,,,https://www.centropaz.cl/parentalidad-neurodivergente.html
CPAZ_Search_Nunoa_Chile,TDAH_Adultos_Crianza,,,"TDAH y Crianza Respetuosa","Madres y Padres con TDAH","Habilidades Parentales","Valentina Castro Psicóloga","Corregulación sin Culpa","Familias Neurodivergentes","Arancel $45.000 CLP","Reembolso Isapre y Seguros","Atención Online y Ñuñoa","Constancias de Atención","Espacio Empático Familiar","Superintendencia de Salud","Boleta Electrónica SII","Copago $9.000 a $15.000","Coordinación por WhatsApp","Psicoterapia especializada para madres y padres con TDAH o sospecha de neurodivergencia.","Desarrolla herramientas de crianza y corregulación emocional sin sobrecarga mental.","Arancel de $45.000 CLP con boleta reembolsable en Colmena, Banmédica, CruzBlanca y Seguros.","Atención Online para todo Chile y Presencial en Ñuñoa. Escríbele a Valentina por WhatsApp.",https://www.centropaz.cl/parentalidad-neurodivergente.html
